{"cameraMode":{"drawMode":0,"name":"Shaded","section":"Shading Mode"},"sceneLighting":true,"audioPlay":false,"sceneViewState":{"showFog":false,"showMaterialUpdate":false,"showSkybox":false,"showFlares":false,"showImageEffects":false,"showParticleSystems":false},"in2DMode":false,"pivot":{"x":21.206745147705079,"y":-18.253101348876954,"z":23.977073669433595},"rotation":{"x":0.10461080074310303,"y":-0.752395749092102,"z":0.12317264825105667,"w":0.6386212110519409},"size":40.57619857788086,"orthographic":false}