{"cameraMode":{"drawMode":0,"name":"Shaded","section":"Shading Mode"},"sceneLighting":true,"audioPlay":false,"sceneViewState":{"showFog":false,"showMaterialUpdate":false,"showSkybox":false,"showFlares":false,"showImageEffects":false,"showParticleSystems":false},"in2DMode":false,"pivot":{"x":24.520000457763673,"y":5.223999977111816,"z":22.590003967285158},"rotation":{"x":-0.02202211134135723,"y":-0.9778458476066589,"z":0.13910983502864839,"w":-0.1550084948539734},"size":4.45408296585083,"orthographic":false}