{"cameraMode":{"drawMode":0,"name":"Shaded","section":"Shading Mode"},"sceneLighting":false,"audioPlay":false,"sceneViewState":{"showFog":false,"showMaterialUpdate":false,"showSkybox":false,"showFlares":false,"showImageEffects":false,"showParticleSystems":false},"in2DMode":false,"pivot":{"x":0.029999930411577226,"y":0.30265650153160097,"z":0.19605408608913423},"rotation":{"x":0.10461080074310303,"y":-0.752395749092102,"z":0.12317264825105667,"w":0.6386212110519409},"size":0.9060330986976624,"orthographic":false}