{"cameraMode":{"drawMode":0,"name":"Shaded","section":"Shading Mode"},"sceneLighting":false,"audioPlay":false,"sceneViewState":{"showFog":true,"showMaterialUpdate":true,"showSkybox":false,"showFlares":true,"showImageEffects":true,"showParticleSystems":true},"in2DMode":false,"pivot":{"x":0.3193514943122864,"y":-0.2523903250694275,"z":0.593272864818573},"rotation":{"x":-0.2327754646539688,"y":-0.28853338956832888,"z":0.07259226590394974,"w":-0.925929069519043},"size":2.3359038829803469,"orthographic":false}