{"cameraMode":{"drawMode":0,"name":"Shaded","section":"Shading Mode"},"sceneLighting":true,"audioPlay":false,"sceneViewState":{"showFog":true,"showMaterialUpdate":false,"showSkybox":false,"showFlares":true,"showImageEffects":true,"showParticleSystems":true},"in2DMode":false,"pivot":{"x":-3.9172677993774416,"y":-0.07954120635986328,"z":5.815269470214844},"rotation":{"x":-0.08418239653110504,"y":-0.8667897582054138,"z":0.156677708029747,"w":-0.46592235565185549},"size":22.0,"orthographic":false}