{"cameraMode":{"drawMode":0,"name":"Shaded","section":"Shading Mode"},"sceneLighting":true,"audioPlay":false,"sceneViewState":{"showFog":true,"showMaterialUpdate":false,"showSkybox":false,"showFlares":true,"showImageEffects":true,"showParticleSystems":true},"in2DMode":false,"pivot":{"x":-36.41446304321289,"y":3.247774124145508,"z":4.036684989929199},"rotation":{"x":0.23943638801574708,"y":0.6744084358215332,"z":-0.24717840552330018,"w":0.653279185295105},"size":10.626069068908692,"orthographic":false}