{"cameraMode":{"drawMode":0,"name":"Shaded","section":"Shading Mode"},"sceneLighting":false,"audioPlay":false,"sceneViewState":{"showFog":true,"showMaterialUpdate":false,"showSkybox":false,"showFlares":true,"showImageEffects":true,"showParticleSystems":true},"in2DMode":false,"pivot":{"x":26.636474609375,"y":1.0601993799209595,"z":12.636569023132325},"rotation":{"x":0.14487862586975099,"y":-0.8337140083312988,"z":0.25955185294151308,"w":0.46536970138549807},"size":11.737513542175293,"orthographic":false}