{"cameraMode":{"drawMode":0,"name":"Shaded","section":"Shading Mode"},"sceneLighting":false,"audioPlay":false,"sceneViewState":{"showFog":false,"showMaterialUpdate":false,"showSkybox":false,"showFlares":false,"showImageEffects":false,"showParticleSystems":false},"in2DMode":false,"pivot":{"x":-128.4199981689453,"y":11.399999618530274,"z":-210.52999877929688},"rotation":{"x":0.10461080074310303,"y":-0.752395749092102,"z":0.12317264825105667,"w":0.6386212110519409},"size":7.58282995223999,"orthographic":false}