{"cameraMode":{"drawMode":0,"name":"Shaded","section":"Shading Mode"},"sceneLighting":true,"audioPlay":false,"sceneViewState":{"showFog":false,"showMaterialUpdate":false,"showSkybox":false,"showFlares":false,"showImageEffects":false,"showParticleSystems":false},"in2DMode":false,"pivot":{"x":-94.16796112060547,"y":13.305194854736329,"z":-232.22760009765626},"rotation":{"x":-0.20285528898239137,"y":-0.01850874163210392,"z":0.0038345602806657554,"w":-0.9790278077125549},"size":48.51703643798828,"orthographic":false}